id	method	url	http_status	bytes	sha256	utc_time	saved_as
E1	GET	https://api.github.com/repos/chalk/chalk	200	6794	13e45398624c7faab7fc7c1d7e82cc249fb35c8968f7417f75a3482ff009d480	2026-09-19T10:52:45Z	chalk-repo.json
E2	GET	https://api.github.com/repos/chalk/chalk/commits/5729845	200	27805	35aeba56b204ca713249e9bfbca1c831c6b6696b7a2e55ee3d2ded09607f6cc2	2026-09-19T10:52:46Z	chalk-commit-5729845.json
E3	GET	https://api.github.com/repos/chalk/chalk/commits/4c304dd	200	29989	41d904de63b5d3d2018dec7d4e77ded0b483b9a16e46e512276c2b84bf92fc2d	2026-09-19T10:52:48Z	chalk-commit-4c304dd.json
E4	GET	https://api.github.com/repos/chalk/chalk/contents/source/index.js?ref=main	200	12101	2d149485c7a66a20777d8bbffe2dc0530671d360feef1913ba0326b870652852	2026-09-19T10:52:49Z	chalk-index-js.json
E5	GET	https://api.github.com/repos/ody-cai/oa-system	200	6599	8c2d1c7a560550b1e15fce04c24180397428f4cf35a927b9f792e1b0e8a32b5c	2026-09-19T10:52:50Z	oa-repo.json
E6	GET	https://api.github.com/repos/ody-cai/oa-system/commits?per_page=100	200	91391	80a2f2c57d59d9745baf6db016383ce061478d61005745a4399156bc3516b3f1	2026-09-19T10:52:51Z	oa-commits.json
E7	GET	https://api.github.com/rate_limit	200	1917	4a296002f0123081a6e8abf89173589be38ceb6a8832d8a0adc63d40e7706130	2026-09-19T10:52:52Z	rate-limit.json
E8	GET	https://api.github.com/repos/ody-cai/oa-system/commits/109fd2c	200	140662	86d43f75f0d20f459f4c29ddeef5ca3038435ba298d33f34b958c54422272b3e	2026-09-19T10:56:44Z	oa-commit-109fd2c.json
E9	GET	https://api.github.com/repos/ody-cai/oa-system/commits/bc4e63c	200	12786	2a207bcca2eeb3055d456558f7cf4d725a2638f97ee71029db30b444d93c5b6e	2026-09-19T10:56:45Z	oa-commit-bc4e63c.json
E10	GET	https://api.github.com/repos/chalk/chalk/commits/8a94e0e	200	39727	7becacf5a6a2faf940a9722b3cf21f7faeb923bd42ed9f0409fd0f0e91a15644	2026-09-19T10:56:47Z	chalk-commit-8a94e0e.json
E11	GET	https://api.github.com/repos/chalk/chalk/commits/ff549c5	200	11224	a112b40c365b5d91b9b8f8ada601d260077639820ad19e13357e4308eb615b28	2026-09-19T10:56:48Z	chalk-commit-ff549c5.json
